molecule,res_name,atom_name,element,M0,P11
water,WAT,O,O,-0.67444,5.73935 0.0 0.0  5.73935 0.0  5.73935
water,WAT,OW,O,-0.67444,5.73935 0.0 0.0  5.73935 0.0  5.73935
water,WAT,H,H,0.33722,2.30839 0.0 0.0  2.30839 0.0  2.30839
water,WAT,H1,H,0.33722,2.30839 0.0 0.0  2.30839 0.0  2.30839
water,WAT,H2,H,0.33722,2.30839 0.0 0.0  2.30839 0.0  2.30839
water,WAT,HW,H,0.33722,2.30839 0.0 0.0  2.30839 0.0  2.30839
water,WAT,HW1,H,0.33722,2.30839 0.0 0.0  2.30839 0.0  2.30839
water,WAT,HW2,H,0.33722,2.30839 0.0 0.0  2.30839 0.0  2.30839
water,HOH,O,O,-0.67444,5.73935 0.0 0.0  5.73935 0.0  5.73935
water,HOH,OW,O,-0.67444,5.73935 0.0 0.0  5.73935 0.0  5.73935
water,HOH,H,H,0.33722,2.30839 0.0 0.0  2.30839 0.0  2.30839
water,HOH,H1,H,0.33722,2.30839 0.0 0.0  2.30839 0.0  2.30839
water,HOH,H2,H,0.33722,2.30839 0.0 0.0  2.30839 0.0  2.30839
water,HOH,HW,H,0.33722,2.30839 0.0 0.0  2.30839 0.0  2.30839
water,HOH,HW1,H,0.33722,2.30839 0.0 0.0  2.30839 0.0  2.30839
water,HOH,HW2,H,0.33722,2.30839 0.0 0.0  2.30839 0.0  2.30839
water,SOL,O,O,-0.67444,5.73935 0.0 0.0  5.73935 0.0  5.73935
water,SOL,OW,O,-0.67444,5.73935 0.0 0.0  5.73935 0.0  5.73935
water,SOL,H,H,0.33722,2.30839 0.0 0.0  2.30839 0.0  2.30839
water,SOL,H1,H,0.33722,2.30839 0.0 0.0  2.30839 0.0  2.30839
water,SOL,H2,H,0.33722,2.30839 0.0 0.0  2.30839 0.0  2.30839
water,SOL,HW,H,0.33722,2.30839 0.0 0.0  2.30839 0.0  2.30839
water,SOL,HW1,H,0.33722,2.30839 0.0 0.0  2.30839 0.0  2.30839
water,SOL,HW2,H,0.33722,2.30839 0.0 0.0  2.30839 0.0  2.30839
methanol,MTL,C,C,0.18382,6.42738 0.0 0.0  6.42738 0.0  6.42738
methanol,MTL,O,O,-0.59543,5.60297 0.0 0.0  5.60297 0.0  5.60297
methanol,MTL,HC,H,0.01031,2.50587 0.0 0.0  2.50587 0.0  2.50587
methanol,MTL,HO,H,0.38068,1.85100 0.0 0.0  1.85100 0.0  1.85100
ethanol,ETL,C2,C,-0.29149,6.96636 0.0 0.0  6.96636 0.0  6.96636
ethanol,ETL,C1,C,0.46155,6.71482 0.0 0.0  6.71482 0.0  6.71482
ethanol,ETL,O,O,-0.64779,5.43599 0.0 0.0  5.43599 0.0  5.43599
ethanol,ETL,H2,H,0.07114,2.58899 0.0 0.0  2.58899 0.0  2.58899
ethanol,ETL,H1,H,-0.0568,2.60105 0.0 0.0  2.60105 0.0  2.60105
ethanol,ETL,HO,H,0.37791,2.04999 0.0 0.0  2.04999 0.0  2.04999
propanol,PRL,C3,C,-0.20048,6.87397 0.0 0.0  6.87397 0.0  6.87397
propanol,PRL,C2,C,0.06032,7.09144 0.0 0.0  7.09144 0.0  7.09144
propanol,PRL,C1,C,0.2672,6.73554 0.0 0.0  6.73554 0.0  6.73554
propanol,PRL,O,O,-0.63447,5.36537 0.0 0.0  5.36537 0.0  5.36537
propanol,PRL,H3,H,0.04946,2.56215 0.0 0.0  2.56215 0.0  2.56215
propanol,PRL,H2,H,0.00238,2.58205 0.0 0.0  2.58205 0.0  2.58205
propanol,PRL,H1,H,-0.01521,2.59075 0.0 0.0  2.59075 0.0  2.59075
propanol,PRL,HO,H,0.38471,2.01746 0.0 0.0  2.01746 0.0  2.01746
formic acid,FOR,HC,H,0.08889,2.52195 0.0 0.0  2.52195 0.0  2.52195
formic acid,FOR,C,C,0.53375,7.42106 0.0 0.0  7.42106 0.0  7.42106
formic acid,FOR,O,O,-0.49944,5.69005 0.0 0.0  5.69005 0.0  5.69005
formic acid,FOR,HO,H,0.44069,1.90088 0.0 0.0  1.90088 0.0  1.90088
formic acid,FOR,OH,O,-0.56389,5.45949 0.0 0.0  5.45949 0.0  5.45949
formamide,FRM,O,O,-0.51671,6.20124 0.0 0.0  6.20124 0.0  6.20124
formamide,FRM,C,C,0.52831,8.10950 0.0 0.0  8.10950 0.0  8.10950
formamide,FRM,N,N,-0.72791,6.66352 0.0 0.0  6.66352 0.0  6.66352
formamide,FRM,HC,H,0.01015,2.83651 0.0 0.0  2.83651 0.0  2.83651
formamide,FRM,HN,H,0.35308,2.26518 0.0 0.0  2.26518 0.0  2.26518
dimethyl sulfoxide,DMS,C,C,-0.28061,8.40024 0.0 0.0  8.40024 0.0  8.40024
dimethyl sulfoxide,DMS,S,S,0.24198,14.92582 0.0 0.0 14.92582 0.0 14.92582
dimethyl sulfoxide,DMS,O,O,-0.44636,7.54139 0.0 0.0  7.54139 0.0  7.54139
dimethyl sulfoxide,DMS,H,H,0.1276,2.55569 0.0 0.0  2.55569 0.0  2.55569
propylene carbonate,PRC,O1,O,-0.40892,5.09781 0.0 0.0  5.09781 0.0  5.09781
propylene carbonate,PRC,C1,C,0.38218,6.26783 0.0 0.0  6.26783 0.0  6.26783
propylene carbonate,PRC,C2,C,0.19825,5.90126 0.0 0.0  5.90126 0.0  5.90126
propylene carbonate,PRC,O2,O,-0.37004,5.21390 0.0 0.0  5.21390 0.0  5.21390
propylene carbonate,PRC,C3,C,-0.492,6.76455 0.0 0.0  6.76455 0.0  6.76455
propylene carbonate,PRC,C4,C,0.80281,7.82828 0.0 0.0  7.82828 0.0  7.82828
propylene carbonate,PRC,O3,O,-0.56716,6.35162 0.0 0.0  6.35162 0.0  6.35162
propylene carbonate,PRC,H1,H,0.01277,2.52143 0.0 0.0  2.52143 0.0  2.52143
propylene carbonate,PRC,H2,H,0.01185,2.41556 0.0 0.0  2.41556 0.0  2.41556
propylene carbonate,PRC,H3,H,0.13947,2.46080 0.0 0.0  2.46080 0.0  2.46080
dichloromethane,DCM,Cl,Cl,-0.05512,14.48529 0.0 0.0 14.48529 0.0 14.48529
dichloromethane,DCM,C,C,-0.31546,10.06117 0.0 0.0 10.06117 0.0 10.06117
dichloromethane,DCM,H,H,0.21285,2.51584 0.0 0.0  2.51584 0.0  2.51584
acetone,ACE,CO,C,0.71719,7.92284 0.0 0.0  7.92284 0.0  7.92284
acetone,ACE,CH,C,-0.45789,7.19331 0.0 0.0  7.19331 0.0  7.19331
acetone,ACE,O,O,-0.53671,5.83421 0.0 0.0  5.83421 0.0  5.83421
acetone,ACE,H,H,0.12255,2.50309 0.0 0.0  2.50309 0.0  2.50309
diethyl ether,DEE,C2,C,-0.29619,7.10478 0.0 0.0  7.10478 0.0  7.10478
diethyl ether,DEE,H2,H,0.07524,2.58403 0.0 0.0  2.58403 0.0  2.58403
diethyl ether,DEE,C1,C,0.36805,6.98709 0.0 0.0  6.98709 0.0  6.98709
diethyl ether,DEE,H1,H,-0.04045,2.62941 0.0 0.0  2.62941 0.0  2.62941
diethyl ether,DEE,O,O,-0.43336,5.82582 0.0 0.0  5.82582 0.0  5.82582
tetrahydrofuran,THF,C1,C,0.22575,6.42111 0.0 0.0  6.42111 0.0  6.42111
tetrahydrofuran,THF,H1,H,-0.00177,2.63818 0.0 0.0  2.63818 0.0  2.63818
tetrahydrofuran,THF,C2,C,-0.04339,6.73355 0.0 0.0  6.73355 0.0  6.73355
tetrahydrofuran,THF,H2,H,0.01731,2.56256 0.0 0.0  2.56256 0.0  2.56256
tetrahydrofuran,THF,O,O,-0.42688,5.41568 0.0 0.0  5.41568 0.0  5.41568
toluene,TOL,C1,C,-0.48679,7.31076 0.0 0.0  7.31076 0.0  7.31076
toluene,TOL,H1,H,0.12857,2.57127 0.0 0.0  2.57127 0.0  2.57127
toluene,TOL,C2,C,0.34481,9.41904 0.0 0.0  9.41904 0.0  9.41904
toluene,TOL,C3,C,-0.26155,9.19246 0.0 0.0  9.19246 0.0  9.19246
toluene,TOL,H3,H,0.13992,2.71511 0.0 0.0  2.71511 0.0  2.71511
toluene,TOL,C4,C,-0.1027,9.25031 0.0 0.0  9.25031 0.0  9.25031
toluene,TOL,H4,H,0.12153,2.83538 0.0 0.0  2.83538 0.0  2.83538
toluene,TOL,C5,C,-0.16049,9.20304 0.0 0.0  9.20304 0.0  9.20304
toluene,TOL,H5,H,0.12236,2.88794 0.0 0.0  2.88794 0.0  2.88794
benzene,BEN,C,C,-0.11186,9.02146 0.0 0.0  9.02146 0.0  9.02146
benzene,BEN,H,H,0.11186,2.79156 0.0 0.0  2.79156 0.0  2.79156
hexane,HEX,C1,C,-0.22011,7.05133 0.0 0.0  7.05133 0.0  7.05133
hexane,HEX,C2,C,0.14687,7.17271 0.0 0.0  7.17271 0.0  7.17271
hexane,HEX,C3,C,-0.04616,7.20426 0.0 0.0  7.20426 0.0  7.20426
hexane,HEX,H1,H,0.04816,2.63085 0.0 0.0  2.63085 0.0  2.63085
hexane,HEX,H2,H,-0.02291,2.55841 0.0 0.0  2.55841 0.0  2.55841
hexane,HEX,H3,H,0.01037,2.52112 0.0 0.0  2.52112 0.0  2.52112
chloroform,CHL,Cl,Cl,0.02469,14.29891 0.0 0.0 14.29891 0.0 14.29891
chloroform,CHL,C,C,-0.34805,12.68519 0.0 0.0 12.68519 0.0 12.68519
chloroform,CHL,H,H,0.27398,2.61349 0.0 0.0  2.61349 0.0  2.61349
carbon tetrachloride,TET,C,C,-0.47432,15.15766 0.0 0.0 15.15766 0.0 15.15766
carbon tetrachloride,TET,Cl,Cl,0.11858,14.07009 0.0 0.0 14.07009 0.0 14.07009
phenol,PHN,C1,C,-0.25722,9.19780 0.0 0.0  9.19780 0.0  9.19780
phenol,PHN,H1,H,0.15054,2.75387 0.0 0.0  2.75387 0.0  2.75387
phenol,PHN,C2,C,-0.10722,9.13020 0.0 0.0  9.13020 0.0  9.13020
phenol,PHN,H2,H,0.12766,2.77871 0.0 0.0  2.77871 0.0  2.77871
phenol,PHN,C3,C,-0.16229,9.24398 0.0 0.0  9.24398 0.0  9.24398
phenol,PHN,H3,H,0.12068,2.88251 0.0 0.0  2.88251 0.0  2.88251
phenol,PHN,CO,C,0.3698,9.26636 0.0 0.0  9.26636 0.0  9.26636
phenol,PHN,O,O,-0.49794,5.63527 0.0 0.0  5.63527 0.0  5.63527
phenol,PHN,HO,H,0.34223,1.93145 0.0 0.0  1.93145 0.0  1.93145
sodium ion,Na+,Na+,Na,1.0,0.48203 0.0 0.0  0.48203 0.0  0.48203
sodium ion,Na,Na,Na,1.0,0.48203 0.0 0.0  0.48203 0.0  0.48203
sodium ion,NA,NA,Na,1.0,0.48203 0.0 0.0  0.48203 0.0  0.48203
sodium ion,SOD,SOD,Na,1.0,0.48203 0.0 0.0  0.48203 0.0  0.48203
chloride ion,Cl-,Cl-,Cl,-1.0,28.83000 0.0 0.0 28.83000 0.0 28.83000
chloride ion,Cl,Cl,Cl,-1.0,28.83000 0.0 0.0 28.83000 0.0 28.83000
chloride ion,CL,CL,Cl,-1.0,28.83000 0.0 0.0 28.83000 0.0 28.83000
chloride ion,CLA,CLA,Cl,-1.0,28.83000 0.0 0.0 28.83000 0.0 28.83000
potassium ion,K+,K+,K,1.0,5.66517 0.0 0.0  5.66517 0.0  5.66517
potassium ion,K,K,K,1.0,5.66517 0.0 0.0  5.66517 0.0  5.66517
potassium ion,POT,POT,K,1.0,5.66517 0.0 0.0  5.66517 0.0  5.66517
calcium ion,Ca2+,Ca2+,Ca,2.0,3.32669 0.0 0.0  3.32669 0.0  3.32669
calcium ion,Ca,Ca,Ca,2.0,3.32669 0.0 0.0  3.32669 0.0  3.32669
calcium ion,CA,CA,Ca,2.0,3.32669 0.0 0.0  3.32669 0.0  3.32669
magnesium ion,Mg2+,Mg2+,Mg,2.0,0.28279 0.0 0.0  0.28279 0.0  0.28279
magnesium ion,Mg,Mg,Mg,2.0,0.28279 0.0 0.0  0.28279 0.0  0.28279
magnesium ion,MG,MG,Mg,2.0,0.28279 0.0 0.0  0.28279 0.0  0.28279
zinc ion,Zn2+,Zn2+,Zn,2.0,2.56752 0.0 0.0  2.56752 0.0  2.56752
zinc ion,Zn,Zn,Zn,2.0,2.56752 0.0 0.0  2.56752 0.0  2.56752
zinc ion,ZN,ZN,Zn,2.0,2.56752 0.0 0.0  2.56752 0.0  2.56752
bromide ion,Br-,Br-,Br,-1.0,42.06741 0.0 0.0 42.06741 0.0 42.06741
bromide ion,Br,Br,Br,-1.0,42.06741 0.0 0.0 42.06741 0.0 42.06741
bromide ion,BR,BR,Br,-1.0,42.06741 0.0 0.0 42.06741 0.0 42.06741
